last_name, first_name,player_id,year,player_age,p_balk,p_era,p_pickoff_attempt_1b,p_pickoff_attempt_2b,p_pickoff_attempt_3b,p_pickoff_1b,p_pickoff_2b,p_pickoff_3b,p_total_pickoff,p_total_pickoff_attempt,p_total_pickoff_error,xba,xslg,xwoba,xobp,xiso,exit_velocity_avg,launch_angle_avg,barrel_batted_rate
Wainwright, Adam,425794,2022,40,0,3.71,60,4,0,0,0,0,0,64,0,0.27,0.419,0.328,0.326,0.148,87.8,11,6.5
Verlander, Justin,434378,2022,39,0,1.75,72,0,0,0,0,0,0,72,1,0.207,0.331,0.255,0.248,0.124,87.8,16.9,6.3
Kluber, Corey,446372,2022,36,0,4.34,44,0,0,0,0,0,0,44,1,0.261,0.416,0.31,0.294,0.155,87.1,18.5,6.9
Morton, Charlie,450203,2022,38,0,4.34,85,0,0,3,0,0,3,85,2,0.228,0.389,0.314,0.315,0.161,89.3,13.6,9.5
Quintana, Jose,500779,2022,33,0,2.93,87,4,0,1,0,0,1,91,0,0.257,0.377,0.305,0.312,0.12,86.5,9.9,5.5
Gibson, Kyle,502043,2022,34,0,5.05,78,0,0,2,0,0,2,78,0,0.262,0.42,0.326,0.32,0.158,88.5,10.6,7.5
Darvish, Yu,506433,2022,35,1,3.1,79,0,0,0,0,0,0,79,0,0.227,0.388,0.291,0.275,0.161,88.5,17,8.8
Kelly, Merrill,518876,2022,33,1,3.37,118,1,0,4,0,0,4,119,0,0.23,0.383,0.296,0.291,0.153,88.5,14,8.3
Perez, Martin,527048,2022,31,2,2.89,26,1,0,1,0,0,1,27,1,0.242,0.346,0.295,0.311,0.105,88.2,8.1,4.3
Anderson, Tyler,542881,2022,32,0,2.57,68,0,0,1,0,0,1,68,0,0.225,0.35,0.275,0.272,0.124,85,16.9,4.9
Cole, Gerrit,543037,2022,31,2,3.5,58,3,0,0,0,0,0,61,0,0.214,0.383,0.284,0.266,0.169,89.4,12.6,9.5
Lyles, Jordan,543475,2022,31,0,4.42,104,0,0,0,0,0,0,104,0,0.267,0.452,0.341,0.325,0.184,88.6,15.3,10.4
Mikolas, Miles,571945,2022,33,1,3.29,64,1,0,0,0,0,0,65,0,0.252,0.4,0.306,0.294,0.148,87.8,11,6.9
Gausman, Kevin,592332,2022,31,2,3.35,57,2,0,1,0,0,1,59,0,0.242,0.38,0.285,0.272,0.138,89,12.2,8.1
Ray, Robbie,592662,2022,30,0,3.71,66,1,0,6,0,0,6,67,0,0.223,0.373,0.295,0.292,0.15,89.7,14.7,7.9
Taillon, Jameson,592791,2022,30,0,3.91,81,5,0,0,0,0,0,86,0,0.26,0.432,0.317,0.297,0.172,88.5,14.5,8.3
Gonzales, Marco,594835,2022,30,0,4.13,11,4,0,0,1,0,1,15,0,0.267,0.435,0.33,0.32,0.169,86.7,14.5,7.2
Pivetta, Nick,601713,2022,29,1,4.56,22,6,0,0,0,0,0,28,0,0.248,0.433,0.332,0.324,0.185,90.7,15.2,9
Bassitt, Chris,605135,2022,33,1,3.42,42,1,0,0,1,0,1,43,0,0.228,0.359,0.29,0.291,0.132,85.7,10.8,6.6
Musgrove, Joe,605397,2022,29,0,2.93,80,0,0,0,0,0,0,80,0,0.225,0.351,0.282,0.284,0.126,86.4,11.7,6
Nola, Aaron,605400,2022,29,0,3.25,131,0,0,0,0,0,0,131,1,0.211,0.34,0.259,0.248,0.129,87.7,12.5,7.1
Rodon, Carlos,607074,2022,29,0,2.88,33,0,0,2,0,0,2,33,0,0.198,0.309,0.254,0.26,0.111,89,19.4,6.5
Freeland, Kyle,607536,2022,29,0,4.53,89,1,0,1,0,0,1,90,0,0.271,0.455,0.346,0.337,0.184,89.8,12.7,9.7
Fried, Max,608331,2022,28,0,2.48,40,0,0,3,0,0,3,40,0,0.227,0.328,0.264,0.266,0.101,86.2,7.6,4
Irvin, Cole,608344,2022,28,0,3.98,43,0,0,1,0,0,1,43,0,0.258,0.451,0.324,0.301,0.192,89.4,15.5,9.6
Marquez, German,608566,2022,27,2,4.95,70,0,0,2,0,0,2,70,2,0.256,0.423,0.327,0.321,0.167,90.5,9.1,7.1
Quantrill, Cal,615698,2022,27,0,3.38,38,6,0,1,1,0,2,44,1,0.258,0.417,0.321,0.313,0.159,87.6,13.8,7.5
Berrios, Jose,621244,2022,28,0,5.23,60,3,0,2,0,0,2,63,0,0.275,0.466,0.346,0.329,0.191,90,13.9,9.5
Urias, Julio,628711,2022,25,1,2.16,64,0,0,2,0,0,2,64,0,0.205,0.332,0.262,0.258,0.128,86.7,17.2,6.7
Lopez, Pablo,641154,2022,26,0,3.75,36,3,0,0,0,0,0,39,2,0.239,0.378,0.301,0.302,0.138,87.9,11,9
Alcantara, Sandy,645261,2022,26,0,2.28,49,1,0,2,0,0,2,50,0,0.215,0.331,0.267,0.268,0.116,87.8,5.5,5.3
Cease, Dylan,656302,2022,26,1,2.2,80,5,0,0,1,0,1,85,2,0.184,0.292,0.257,0.273,0.109,86.8,15,6.2
Montgomery, Jordan,656756,2022,29,0,3.48,66,8,0,2,1,0,3,74,0,0.258,0.4,0.31,0.303,0.143,88.5,9.8,7.1
Wright, Kyle,657140,2022,26,0,3.19,19,0,0,2,0,0,1,19,0,0.244,0.384,0.306,0.308,0.139,89,4.4,6.8
Webb, Logan,657277,2022,25,0,2.9,63,0,0,1,0,0,1,63,0,0.247,0.364,0.295,0.301,0.116,88.9,3.1,5.5
Ohtani, Shohei,660271,2022,27,0,2.33,23,0,0,0,0,0,0,23,0,0.204,0.311,0.256,0.26,0.107,87.1,14.5,6.3
McKenzie, Triston,663474,2022,24,0,2.96,49,0,0,0,0,0,0,49,0,0.222,0.397,0.293,0.274,0.175,90.2,19.7,9.8
McClanahan, Shane,663556,2022,25,0,2.54,30,0,0,2,0,0,2,30,0,0.207,0.332,0.261,0.257,0.126,87.6,8.3,6.4
Valdez, Framber,664285,2022,28,1,2.82,65,0,0,0,0,0,0,65,0,0.227,0.33,0.284,0.301,0.102,89.8,-3.6,5.8
Urquidy, Jose,664353,2022,27,0,3.94,76,0,0,0,0,0,0,76,0,0.256,0.451,0.329,0.306,0.194,89.7,17.2,9.4
Manoah, Alek,666201,2022,24,0,2.24,62,0,0,0,0,0,0,62,0,0.224,0.343,0.284,0.29,0.118,87.5,16.9,5.4
Gallen, Zac,668678,2022,26,0,2.54,144,1,0,0,0,0,0,145,1,0.213,0.341,0.278,0.279,0.127,87.8,10.8,7.8
Burnes, Corbin,669203,2022,27,0,2.94,74,2,0,1,0,0,1,76,2,0.212,0.337,0.273,0.275,0.124,87.2,10,5.7
Gilbert, Logan,669302,2022,25,0,3.2,37,1,0,0,0,0,0,38,0,0.253,0.408,0.314,0.308,0.155,91,14.6,7.1
Bieber, Shane,669456,2022,27,1,2.88,33,3,0,0,0,0,0,36,1,0.245,0.386,0.292,0.281,0.141,89.9,10,7.2
Greinke, Zack,425844,2018,34,0,3.21,65,1,0,0,0,0,0,66,0,0.245,0.406,0.303,0.29,0.161,87.9,10.4,6.4
Hamels, Cole,430935,2018,34,3,3.78,28,0,0,3,0,0,3,28,0,0.255,0.423,0.332,0.333,0.167,88.6,10.9,7.5
Verlander, Justin,434378,2018,35,2,2.52,98,3,0,1,1,0,2,101,1,0.184,0.309,0.237,0.229,0.124,88.5,22.1,6.2
Kluber, Corey,446372,2018,32,0,2.89,39,0,0,0,0,0,0,39,0,0.227,0.369,0.277,0.263,0.142,87.9,11.3,6.3
Shields, James,448306,2018,36,1,4.53,84,1,14,0,0,3,3,99,0,0.262,0.466,0.35,0.336,0.204,88.6,16.6,8.3
Morton, Charlie,450203,2018,34,0,3.13,52,0,0,2,0,0,2,52,0,0.205,0.326,0.284,0.299,0.121,87.5,7.7,5.8
Lester, Jon,452657,2018,34,0,3.32,1,0,0,1,0,0,1,1,0,0.268,0.449,0.343,0.337,0.181,88.7,13.7,6.6
LeBlanc, Wade,453281,2018,33,0,3.72,52,2,0,2,0,0,2,54,0,0.251,0.434,0.318,0.3,0.183,87.4,16.1,9
Scherzer, Max,453286,2018,33,1,2.53,38,0,0,0,0,0,0,38,0,0.185,0.316,0.248,0.245,0.131,86.6,20.7,6.6
Arrieta, Jake,453562,2018,32,1,3.96,87,0,0,2,0,0,2,87,4,0.249,0.392,0.312,0.315,0.143,87.8,8.6,5.6
Price, David,456034,2018,32,0,3.58,15,0,0,2,0,0,2,15,0,0.24,0.409,0.313,0.303,0.17,88.7,14.7,7
Happ, J.A.,457918,2018,35,1,3.65,31,0,0,0,0,0,0,31,0,0.227,0.4,0.302,0.29,0.174,88.4,15.4,8.8
Gonzalez, Gio,461829,2018,32,0,4.21,60,5,0,1,0,0,1,65,0,0.255,0.412,0.329,0.337,0.157,87.7,11.2,5.8
Chacin, Jhoulys,468504,2018,30,0,3.5,59,7,0,0,0,0,0,66,1,0.246,0.402,0.32,0.325,0.156,88.8,13.2,6.5
Carrasco, Carlos,471911,2018,31,0,3.38,65,0,0,1,0,0,1,65,0,0.228,0.371,0.283,0.278,0.143,89.7,9.8,6
Quintana, Jose,500779,2018,29,0,4.03,87,3,0,4,1,0,5,90,0,0.247,0.415,0.321,0.32,0.168,89.4,12.4,6.1
Gibson, Kyle,502043,2018,30,0,3.62,85,4,2,2,0,0,2,91,0,0.251,0.392,0.319,0.327,0.141,87.8,7.9,5.7
Leake, Mike,502190,2018,30,0,4.36,92,3,0,2,0,0,2,95,1,0.298,0.471,0.348,0.333,0.173,89.7,8.5,6.7
Holland, Derek,502706,2018,31,1,3.57,78,4,0,3,0,0,3,82,0,0.239,0.401,0.312,0.314,0.163,88.4,14.7,6.6
Porcello, Rick,519144,2018,29,1,4.28,34,0,0,1,0,0,1,34,1,0.243,0.403,0.311,0.304,0.16,89,12.4,7
Teheran, Julio,527054,2018,27,3,3.94,115,10,0,4,2,0,6,125,0,0.231,0.407,0.324,0.33,0.176,88.7,15.5,7.2
Anderson, Tyler,542881,2018,28,2,4.55,112,2,0,5,1,0,6,114,0,0.229,0.375,0.296,0.295,0.146,87.6,16,5.7
Cole, Gerrit,543037,2018,27,0,2.88,39,1,0,0,0,0,0,40,0,0.198,0.336,0.271,0.27,0.139,89.1,15.8,6.2
Hendricks, Kyle,543294,2018,28,0,3.44,89,2,0,4,0,0,4,91,0,0.243,0.389,0.3,0.294,0.145,86.4,10.3,5.7
Odorizzi, Jake,543606,2018,28,0,4.49,87,0,0,2,0,0,2,87,0,0.245,0.425,0.332,0.332,0.181,89.1,21.4,7.4
Roark, Tanner,543699,2018,31,0,4.34,104,1,0,1,0,0,1,105,0,0.255,0.418,0.318,0.313,0.163,87.8,14.5,6
Bauer, Trevor,545333,2018,27,0,2.21,41,1,0,0,0,0,0,42,0,0.197,0.307,0.26,0.271,0.11,87.8,12,4.4
Wheeler, Zack,554430,2018,28,1,3.31,94,0,0,0,0,0,0,94,0,0.219,0.334,0.278,0.287,0.115,86.1,11.3,4.8
Urena, Jose,570632,2018,26,1,3.98,85,9,4,0,1,1,2,98,0,0.249,0.394,0.311,0.317,0.144,88.5,9.3,6.2
Boyd, Matthew,571510,2018,27,2,4.39,93,0,0,1,0,0,1,93,0,0.209,0.37,0.287,0.28,0.161,87.4,22.3,6.1
Corbin, Patrick,571578,2018,28,0,3.15,50,1,0,0,0,0,0,51,0,0.233,0.362,0.283,0.284,0.129,88.4,7.8,5.8
Fiers, Mike,571666,2018,33,0,3.56,88,0,0,0,0,0,0,88,0,0.255,0.48,0.337,0.302,0.226,89.8,16.8,10.4
Heaney, Andrew,571760,2018,27,0,4.15,6,0,0,0,0,0,0,6,0,0.244,0.408,0.311,0.299,0.164,87.7,12.4,7.8
Mikolas, Miles,571945,2018,29,1,2.83,97,0,0,0,0,0,0,97,0,0.245,0.379,0.286,0.279,0.134,86.7,8.2,5.1
Keuchel, Dallas,572971,2018,30,0,3.74,8,0,0,0,0,0,0,8,0,0.247,0.362,0.293,0.298,0.116,87.3,4.5,4.5
Foltynewicz, Mike,592314,2018,26,2,2.85,45,0,0,2,0,0,2,45,1,0.202,0.33,0.274,0.283,0.128,88.6,13.9,6.9
Gausman, Kevin,592332,2018,27,0,3.92,48,0,0,0,0,0,0,48,0,0.269,0.446,0.333,0.322,0.177,89,10.8,7.4
Gray, Jon,592351,2018,26,2,5.12,89,0,0,2,0,0,2,89,0,0.246,0.392,0.307,0.306,0.146,89.8,9.7,5.8
Taillon, Jameson,592791,2018,26,0,3.2,42,0,0,0,0,0,0,42,0,0.238,0.373,0.29,0.289,0.135,87.8,10.4,4.3
Williams, Trevor,592866,2018,26,0,3.11,55,0,0,0,0,0,0,55,3,0.248,0.395,0.309,0.312,0.147,86.9,14.1,5.8
deGrom, Jacob,594798,2018,30,0,1.7,55,6,0,1,0,0,1,61,0,0.2,0.289,0.243,0.251,0.089,86.3,11.2,4.1
Gonzales, Marco,594835,2018,26,0,4,54,5,0,3,4,0,7,59,0,0.262,0.406,0.311,0.303,0.144,88.5,10.4,5.4
Junis, Jakob,596001,2018,25,0,4.37,80,1,0,0,0,0,0,81,0,0.248,0.432,0.324,0.307,0.185,88.7,13.8,8.6
Pivetta, Nick,601713,2018,25,0,4.77,89,0,0,0,0,0,0,89,2,0.218,0.372,0.29,0.283,0.154,88.8,10.9,7.8
Bundy, Dylan,605164,2018,25,1,5.45,91,2,0,0,0,0,0,93,0,0.245,0.44,0.324,0.305,0.196,89.3,17.4,8.5
Clevinger, Mike,605182,2018,27,0,3.02,83,0,0,6,0,0,6,83,2,0.214,0.354,0.283,0.284,0.14,87,14.3,5.6
Nola, Aaron,605400,2018,25,1,2.37,180,3,0,4,0,0,4,183,0,0.202,0.315,0.258,0.265,0.113,87.1,9.1,4.6
Snell, Blake,605483,2018,25,0,1.89,18,2,0,0,0,0,0,20,0,0.202,0.342,0.275,0.277,0.139,87.5,10.7,7.2
Freeland, Kyle,607536,2018,25,0,2.85,90,0,0,0,0,0,0,90,0,0.239,0.374,0.3,0.306,0.135,86.8,12,5
Giolito, Lucas,608337,2018,23,0,6.13,84,8,0,1,0,0,1,92,1,0.256,0.433,0.348,0.357,0.177,88.7,13.3,7
Marquez, German,608566,2018,23,0,3.77,93,3,0,1,0,0,1,96,1,0.224,0.355,0.282,0.286,0.131,89.5,9.2,5.6
Berrios, Jose,621244,2018,24,0,3.84,113,7,0,1,0,0,1,120,1,0.224,0.366,0.295,0.298,0.142,87.3,14.3,6
Castillo, Luis,622491,2018,25,2,4.3,36,5,0,1,0,0,1,41,0,0.245,0.426,0.318,0.303,0.181,88.8,9.6,8.8
Severino, Luis,622663,2018,24,0,3.39,66,2,0,1,0,0,1,68,2,0.24,0.394,0.299,0.289,0.154,88.4,11.7,7.7
Lopez, Reynaldo,625643,2018,24,3,3.91,107,8,0,1,1,0,2,115,0,0.253,0.433,0.335,0.332,0.18,88.3,19.6,7.3
Godley, Zack,643327,2018,28,1,4.74,3,0,0,0,0,0,0,3,0,0.255,0.403,0.334,0.345,0.148,89.7,7.5,6.4
Newcomb, Sean,656794,2018,25,0,3.9,50,1,0,0,0,0,0,51,1,0.221,0.348,0.297,0.313,0.128,87.6,13,4.2
Colon, Bartolo,112526,2015,42,0,4.16,78,2,0,1,0,0,1,80,2,0.269,0.427,0.314,0.294,0.159,88.9,11.8,5.4
Burnett, A.J.,150359,2015,38,1,3.18,83,1,0,3,0,0,3,84,2,0.261,0.406,0.323,0.326,0.145,89.8,5.6,4.8
Buehrle, Mark,279824,2015,36,0,3.81,38,0,0,3,0,0,3,38,0,0.285,0.457,0.335,0.319,0.171,87,11.7,4.9
Sabathia, CC,282332,2015,34,1,4.73,0,0,0,0,0,0,0,0,0,0.253,0.378,0.304,0.311,0.125,87.8,10.7,4.1
Dickey, R.A.,285079,2015,40,2,3.91,93,3,0,3,0,0,3,96,0,0.254,0.398,0.315,0.315,0.144,87.4,12.5,4.4
Lackey, John,407793,2015,36,3,2.77,61,0,0,0,0,0,0,61,0,0.244,0.382,0.295,0.293,0.137,88.3,11.6,5.6
Lewis, Colby,407890,2015,35,0,4.66,51,0,0,0,0,0,0,51,1,0.267,0.447,0.329,0.312,0.181,89.4,18.2,6.8
Harang, Aaron,421685,2015,37,0,4.86,43,0,0,0,0,0,0,43,0,0.268,0.467,0.345,0.326,0.199,90.2,16.6,7
Greinke, Zack,425844,2015,31,0,1.66,64,0,0,2,0,0,2,64,0,0.211,0.318,0.255,0.255,0.107,87.3,9.8,4
Haren, Dan,429717,2015,34,0,3.6,31,2,0,0,0,0,0,33,0,0.249,0.424,0.312,0.294,0.175,88.2,20.8,6.4
Simon, Alfredo,430580,2015,34,0,5.05,125,1,0,2,0,0,2,126,0,0.273,0.457,0.352,0.343,0.184,89.7,12.6,6.1
Hamels, Cole,430935,2015,31,4,3.65,94,0,0,2,0,0,2,94,0,0.231,0.352,0.288,0.295,0.121,87.7,9.7,4.4
Kazmir, Scott,431148,2015,31,2,3.1,37,13,0,0,1,0,1,50,2,0.247,0.396,0.317,0.316,0.149,87.4,12.5,5.2
Danks, John,433579,2015,30,1,4.71,144,1,0,2,0,0,2,145,1,0.249,0.402,0.312,0.308,0.153,87.3,16,5.1
Hernandez, Felix,433587,2015,29,0,3.53,24,0,0,0,0,0,0,24,0,0.234,0.352,0.291,0.297,0.119,88.7,5.5,4.2
Liriano, Francisco,434538,2015,31,1,3.38,35,0,0,1,0,0,1,35,0,0.228,0.343,0.291,0.304,0.115,85.8,6.5,4.3
Jimenez, Ubaldo,434622,2015,31,0,4.11,95,0,0,0,0,0,0,95,0,0.241,0.362,0.305,0.317,0.121,87.8,10,4.2
Hammel, Jason,434628,2015,32,0,3.74,65,0,0,1,0,0,1,65,1,0.254,0.421,0.315,0.302,0.168,88.8,13.3,7.1
Kluber, Corey,446372,2015,29,1,3.49,55,1,0,0,0,0,0,56,0,0.228,0.367,0.284,0.278,0.139,87.9,11.5,5.6
Shields, James,448306,2015,33,1,3.91,81,1,6,3,0,0,3,88,1,0.232,0.381,0.308,0.313,0.149,89.1,10.9,5.6
Volquez, Edinson,450172,2015,31,0,3.55,50,0,0,0,0,0,0,50,0,0.26,0.412,0.329,0.33,0.153,88.5,10.3,5.9
Gallardo, Yovani,451596,2015,29,0,3.42,93,2,0,3,0,0,3,95,0,0.272,0.389,0.323,0.337,0.116,88.2,8.9,2.8
Lester, Jon,452657,2015,31,0,3.34,5,0,0,2,0,0,2,5,2,0.225,0.343,0.277,0.277,0.118,87.1,9.5,4.4
Kennedy, Ian,453178,2015,30,1,4.28,67,0,1,0,0,0,0,68,0,0.251,0.44,0.327,0.313,0.189,89.5,14.7,8.3
Scherzer, Max,453286,2015,30,1,2.79,84,0,0,0,0,0,0,84,0,0.202,0.34,0.253,0.238,0.137,87.1,17.1,5.8
Arrieta, Jake,453562,2015,29,0,1.77,76,0,0,1,0,0,1,76,0,0.202,0.281,0.241,0.253,0.079,85.1,4.4,2.2
Price, David,456034,2015,29,0,2.45,40,0,0,1,0,0,1,40,0,0.23,0.355,0.279,0.275,0.125,87.4,12.7,4.6
Cueto, Johnny,456501,2015,29,4,3.44,35,1,1,1,0,0,1,37,0,0.243,0.389,0.3,0.292,0.146,86.7,13.2,4.9
Happ, J.A.,457918,2015,32,0,3.61,69,0,0,1,0,0,1,69,0,0.254,0.387,0.304,0.304,0.133,89.4,12.9,4.6
Lynn, Lance,458681,2015,28,0,3.03,63,0,0,4,0,0,4,63,2,0.234,0.372,0.303,0.313,0.138,88.9,11.9,4.9
Pelfrey, Mike,460059,2015,31,0,4.26,107,3,0,0,1,0,1,110,0,0.294,0.433,0.348,0.351,0.139,88.3,7,4.6
Gonzalez, Gio,461829,2015,29,0,3.79,74,2,0,1,0,0,1,76,0,0.24,0.368,0.303,0.313,0.128,88.1,6.4,4.8
Estrada, Marco,462136,2015,31,0,3.13,26,2,0,0,0,0,0,28,0,0.218,0.372,0.288,0.283,0.155,87.8,20.4,5.3
Carrasco, Carlos,471911,2015,28,0,3.63,65,0,0,1,0,0,1,65,0,0.213,0.33,0.265,0.266,0.116,88.7,6.9,4.5
Anderson, Brett,474463,2015,27,2,3.69,77,0,0,6,0,0,6,77,0,0.241,0.37,0.293,0.291,0.129,88.3,-2.1,4.1
Ross, Tyson,475115,2015,28,0,3.26,100,0,1,3,0,0,3,101,2,0.212,0.304,0.277,0.301,0.091,87.4,1.9,3.3
Niese, Jonathon,477003,2015,28,0,4.13,45,1,0,3,0,0,3,46,0,0.263,0.396,0.319,0.325,0.133,88.4,5.2,4.4
Kershaw, Clayton,477132,2015,27,3,2.13,129,0,0,9,0,0,9,129,1,0.191,0.273,0.228,0.235,0.082,85.6,8.8,3.3
Cashner, Andrew,488768,2015,28,0,4.34,72,1,0,3,0,0,3,73,0,0.244,0.375,0.307,0.313,0.132,88.8,9.2,5.1
Miley, Wade,489119,2015,28,1,4.46,89,1,0,5,0,0,5,90,0,0.252,0.39,0.311,0.313,0.138,87.4,7.9,4.5
Quintana, Jose,500779,2015,26,0,3.36,185,5,0,3,1,0,4,190,0,0.263,0.396,0.308,0.307,0.133,88,9.7,4.3
Tillman, Chris,501957,2015,27,0,4.99,42,1,0,0,0,0,0,43,0,0.257,0.411,0.326,0.326,0.154,89.6,12.9,5.1
Archer, Chris,502042,2015,26,0,3.23,7,0,0,0,0,0,0,7,0,0.223,0.347,0.281,0.285,0.124,89.6,10.9,4.6
Gibson, Kyle,502043,2015,27,0,3.84,104,1,0,2,0,0,2,105,0,0.252,0.39,0.311,0.318,0.138,88.3,6.2,5
Locke, Jeff,502046,2015,27,0,4.49,77,1,0,4,0,0,4,78,0,0.251,0.368,0.306,0.319,0.117,87.4,6.1,3.5
Samardzija, Jeff,502188,2015,30,0,4.96,135,0,0,0,0,0,0,135,0,0.263,0.413,0.323,0.314,0.149,88.1,14.5,5.1
Leake, Mike,502190,2015,27,2,3.7,75,1,0,0,0,0,0,76,1,0.274,0.432,0.33,0.325,0.158,88.8,6.9,5.3
Santiago, Hector,502327,2015,27,3,3.59,97,3,0,4,0,0,4,100,0,0.224,0.408,0.313,0.306,0.184,88.9,22.5,7.9
Salazar, Danny,517593,2015,25,2,3.45,65,1,0,1,0,0,1,66,0,0.234,0.389,0.302,0.294,0.155,89.6,11.4,6.4
Bumgarner, Madison,518516,2015,25,0,2.93,60,1,0,0,1,0,1,61,1,0.227,0.357,0.277,0.271,0.129,87.5,12.5,4.8
Harvey, Matt,518774,2015,26,0,2.71,50,2,0,0,0,0,0,52,0,0.207,0.317,0.253,0.252,0.11,87.9,10.9,3.4
Heston, Chris,518790,2015,27,1,3.95,78,1,3,0,0,0,0,82,2,0.249,0.393,0.321,0.327,0.145,88.5,5.9,4.9
Nelson, Jimmy,519076,2015,26,1,4.11,103,4,0,0,0,0,0,107,1,0.232,0.362,0.306,0.316,0.13,87,7.3,4.8
Porcello, Rick,519144,2015,26,1,4.92,68,2,0,0,1,0,1,70,2,0.266,0.43,0.327,0.314,0.164,88.9,9.2,5.6
Sale, Chris,519242,2015,26,0,3.41,108,0,0,3,0,0,3,108,0,0.209,0.321,0.26,0.261,0.112,85.9,12.9,4
Zimmermann, Jordan,519455,2015,29,1,3.66,91,4,0,2,1,0,3,95,1,0.257,0.407,0.308,0.299,0.15,87.4,12.5,4.2
De La Rosa, Rubby,523989,2015,26,2,4.67,118,2,0,1,0,0,1,120,0,0.248,0.398,0.312,0.31,0.15,88.5,9.4,6.1
Teheran, Julio,527054,2015,24,0,4.04,95,10,0,2,3,0,5,105,1,0.265,0.422,0.336,0.339,0.157,89.1,13.9,5.1
Ramirez, Erasmo,541640,2015,25,0,3.75,26,0,0,2,0,0,2,26,0,0.251,0.383,0.307,0.308,0.132,88.5,10.2,4.9
Cole, Gerrit,543037,2015,24,0,2.6,80,0,0,0,0,0,0,80,0,0.241,0.37,0.294,0.291,0.129,88.2,8.7,4.3
DeSclafani, Anthony,543101,2015,25,0,4.05,92,0,0,1,0,0,1,92,1,0.251,0.39,0.308,0.311,0.139,88.5,11.8,4.9
Gray, Sonny,543243,2015,25,0,2.73,48,0,0,0,0,0,0,48,0,0.235,0.362,0.29,0.29,0.127,88.9,7.7,4.5
Hendricks, Kyle,543294,2015,25,1,3.95,89,0,0,4,0,0,4,89,0,0.245,0.36,0.294,0.299,0.115,88,7.2,3.5
Koehler, Tom,543408,2015,29,0,4.08,56,0,0,1,0,0,1,56,2,0.247,0.409,0.324,0.325,0.162,89.7,11,5.7
McHugh, Collin,543521,2015,28,0,3.89,43,3,0,0,1,0,1,46,0,0.233,0.353,0.287,0.29,0.12,86.1,12.1,3.5
Odorizzi, Jake,543606,2015,25,1,3.35,49,1,0,0,0,0,0,50,0,0.243,0.418,0.314,0.297,0.175,88.5,14.8,6.2
Bauer, Trevor,545333,2015,24,1,4.55,59,1,0,0,0,0,0,60,1,0.229,0.376,0.31,0.318,0.147,88.1,15.9,5.9
Ventura, Yordano,570649,2015,24,0,4.08,31,1,0,1,0,0,1,32,2,0.24,0.382,0.313,0.316,0.142,89.1,5.4,5.3
Fiers, Mike,571666,2015,30,0,3.69,121,2,0,3,0,0,3,123,2,0.23,0.388,0.304,0.303,0.158,87.9,15.7,5.9
Miller, Shelby,571946,2015,24,2,3.02,85,2,0,1,0,0,1,87,2,0.226,0.338,0.285,0.3,0.112,87.2,10.3,3.6
Richards, Garrett,572070,2015,27,0,3.65,30,3,0,1,0,0,1,33,0,0.226,0.353,0.294,0.299,0.128,87.3,5.3,4.9
Keuchel, Dallas,572971,2015,27,0,2.48,14,3,0,0,0,0,0,17,0,0.224,0.319,0.264,0.27,0.095,85.7,1.1,3.3
Walker, Taijuan,592836,2015,22,1,4.56,40,0,0,4,0,0,4,40,1,0.251,0.428,0.318,0.301,0.177,89.4,13.9,7.6
Martinez, Carlos,593372,2015,23,1,3.01,61,1,2,2,0,0,2,64,1,0.229,0.344,0.29,0.304,0.115,87.2,5.8,4.6
deGrom, Jacob,594798,2015,27,0,2.54,48,3,0,0,0,0,0,51,0,0.214,0.323,0.26,0.259,0.108,87.4,12,4
Wacha, Michael,608379,2015,23,1,3.38,55,0,0,0,0,0,0,55,2,0.24,0.374,0.301,0.307,0.133,87.6,10.4,4.8
Chen, Wei-Yin,612672,2015,29,0,3.34,19,0,0,1,0,0,1,19,0,0.246,0.4,0.304,0.291,0.154,87.2,15.1,5.9
Wood, Alex,622072,2015,24,1,3.84,96,12,0,3,2,0,5,108,2,0.266,0.398,0.319,0.325,0.133,88.2,8,4.3
Wainwright, Adam,425794,2021,39,1,3.05,40,3,0,0,0,0,0,43,2,0.251,0.388,0.302,0.305,0.137,88.2,10,6.2
Greinke, Zack,425844,2021,37,0,4.16,48,1,0,0,0,0,0,49,0,0.266,0.43,0.32,0.307,0.164,88.3,10.6,6.5
Morton, Charlie,450203,2021,37,0,3.34,47,1,0,0,0,0,0,48,3,0.217,0.332,0.282,0.296,0.115,88.1,7.7,4.9
Scherzer, Max,453286,2021,36,0,2.46,23,0,0,0,0,0,0,23,0,0.196,0.353,0.263,0.249,0.157,87.9,19.3,8
Miley, Wade,489119,2021,34,0,3.37,54,8,0,5,1,0,6,62,1,0.252,0.398,0.312,0.311,0.146,85.7,8,6.1
Gibson, Kyle,502043,2021,33,1,3.71,82,2,0,1,0,0,1,84,1,0.241,0.368,0.302,0.314,0.127,88.8,7.4,4.9
Darvish, Yu,506433,2021,34,0,4.22,45,2,0,0,0,0,0,47,0,0.208,0.376,0.282,0.27,0.168,88.2,16.6,8.8
Anderson, Tyler,542881,2021,31,1,4.53,71,1,0,1,0,0,1,72,0,0.259,0.425,0.315,0.301,0.166,87,18.2,8.5
Cole, Gerrit,543037,2021,30,1,3.23,51,2,0,1,0,0,1,53,0,0.209,0.369,0.273,0.257,0.16,88.7,12.5,9.8
DeSclafani, Anthony,543101,2021,31,0,3.17,74,0,0,0,0,0,0,74,0,0.241,0.41,0.304,0.291,0.169,88.9,11.6,8.1
Eovaldi, Nathan,543135,2021,31,0,3.75,62,0,0,0,0,0,0,62,0,0.239,0.366,0.283,0.281,0.127,88,12.8,6.3
Hendricks, Kyle,543294,2021,31,0,4.77,74,0,0,1,0,0,1,74,0,0.276,0.455,0.339,0.329,0.179,86.3,11.1,8.4
Lyles, Jordan,543475,2021,30,0,5.15,42,1,0,0,0,0,0,43,0,0.275,0.482,0.351,0.334,0.207,89.9,15.3,9.1
Ryu, Hyun Jin,547943,2021,34,0,4.37,41,0,0,1,0,0,1,41,0,0.265,0.44,0.323,0.306,0.175,89.6,9.8,8.5
Wheeler, Zack,554430,2021,31,0,2.78,63,0,0,0,0,0,0,63,1,0.215,0.318,0.259,0.265,0.103,84.6,8.4,4.6
Corbin, Patrick,571578,2021,31,0,5.82,51,0,0,3,0,0,3,51,0,0.282,0.493,0.358,0.343,0.211,89.4,9,9.2
Keuchel, Dallas,572971,2021,33,0,5.28,19,0,0,1,0,0,1,19,0,0.302,0.493,0.372,0.366,0.191,88.3,5,9
Stroman, Marcus,573186,2021,30,0,3.02,60,4,0,0,0,0,0,64,0,0.262,0.418,0.318,0.313,0.156,89.1,6.3,6.5
Gausman, Kevin,592332,2021,30,0,2.81,82,0,0,2,0,0,2,82,0,0.231,0.381,0.29,0.284,0.151,89.1,12.1,7.1
Ray, Robbie,592662,2021,29,0,2.84,93,2,0,2,0,0,2,95,0,0.219,0.398,0.293,0.276,0.18,90.4,17.6,9.8
Montas, Frankie,593423,2021,28,0,3.37,62,1,0,0,0,0,0,63,0,0.237,0.404,0.307,0.3,0.167,89.3,11.6,8.7
Musgrove, Joe,605397,2021,28,0,3.18,94,0,0,0,0,0,0,94,0,0.236,0.387,0.304,0.309,0.151,87.8,11.6,7.2
Nola, Aaron,605400,2021,28,1,4.63,122,2,0,1,0,0,1,124,0,0.223,0.378,0.283,0.273,0.155,88.9,14.4,7.1
Woodruff, Brandon,605540,2021,28,0,2.56,31,3,0,0,0,0,0,34,0,0.226,0.353,0.28,0.281,0.127,86.2,10.6,5.8
Fried, Max,608331,2021,27,0,3.04,40,4,1,6,0,0,6,45,0,0.234,0.364,0.288,0.289,0.13,86.5,6.1,6.3
Giolito, Lucas,608337,2021,26,0,3.53,32,4,0,2,0,0,2,36,0,0.221,0.362,0.28,0.278,0.141,87.7,18.3,6.7
Irvin, Cole,608344,2021,27,0,4.24,29,1,0,0,1,0,1,30,0,0.281,0.446,0.338,0.331,0.164,89.3,16.2,7.3
Marquez, German,608566,2021,26,0,4.4,57,0,0,0,0,0,0,57,1,0.25,0.39,0.31,0.319,0.14,88.9,5.2,5.3
Buehler, Walker,621111,2021,26,0,2.47,49,0,0,1,0,0,1,49,0,0.218,0.345,0.272,0.274,0.127,88.2,11.1,6.8
McCullers Jr., Lance,621121,2021,27,0,3.16,2,0,0,0,0,0,0,2,0,0.208,0.315,0.285,0.308,0.106,89.8,5.1,5.3
Berrios, Jose,621244,2021,27,0,3.52,71,18,1,1,2,0,3,90,2,0.242,0.407,0.311,0.301,0.166,88.4,12.4,9.1
Castillo, Luis,622491,2021,28,1,3.98,54,4,0,0,0,0,0,58,0,0.233,0.347,0.294,0.312,0.115,87.7,4.2,4.5
Flexen, Chris,623167,2021,26,0,3.61,141,3,0,3,0,0,3,144,0,0.261,0.427,0.317,0.305,0.166,89.5,11.5,6.3
Urias, Julio,628711,2021,24,1,2.96,57,0,0,2,0,0,1,57,0,0.219,0.36,0.273,0.266,0.141,86,15.5,5.3
Manaea, Sean,640455,2021,29,1,3.91,23,0,0,0,0,0,0,23,0,0.249,0.419,0.312,0.3,0.17,90.2,13.3,8
Mahle, Tyler,641816,2021,26,0,3.75,26,3,0,0,1,0,1,29,0,0.229,0.363,0.298,0.305,0.134,87.8,13.3,6.5
Alcantara, Sandy,645261,2021,25,1,3.19,49,8,0,0,1,0,1,57,0,0.232,0.369,0.288,0.287,0.136,87.6,4.5,6.1
Cease, Dylan,656302,2021,25,2,3.91,78,1,0,0,0,0,0,79,1,0.21,0.364,0.295,0.297,0.154,89.2,18.5,9.9
Burnes, Corbin,669203,2021,26,0,2.43,58,0,0,0,0,0,0,58,0,0.18,0.256,0.219,0.23,0.076,85.5,8.4,3.1
Wainwright, Adam,425794,2020,38,0,3.15,9,1,0,0,0,0,0,10,0,0.265,0.436,0.324,0.312,0.171,87.3,12,6.3
Greinke, Zack,425844,2020,36,0,4.03,27,0,0,0,0,0,0,27,0,0.249,0.421,0.299,0.276,0.172,86.8,11.7,8.2
Lester, Jon,452657,2020,36,0,5.16,0,0,0,0,0,0,0,0,0,0.279,0.517,0.363,0.334,0.238,88.9,11.9,12.3
Scherzer, Max,453286,2020,35,0,3.74,25,1,0,0,0,0,0,26,2,0.252,0.432,0.321,0.312,0.179,88.5,18.7,8.4
Cueto, Johnny,456501,2020,34,2,5.4,20,0,0,0,0,0,0,20,0,0.261,0.417,0.336,0.34,0.156,87.9,13,5.7
Lynn, Lance,458681,2020,33,0,3.32,1,0,0,0,0,0,0,1,0,0.208,0.35,0.279,0.279,0.142,88.6,17.5,5.4
Carrasco, Carlos,471911,2020,33,0,2.91,20,0,0,0,0,0,0,20,1,0.222,0.368,0.3,0.304,0.146,88,10.3,8.3
Gibson, Kyle,502043,2020,32,0,5.35,37,1,0,0,0,0,0,38,0,0.284,0.452,0.36,0.37,0.169,88.2,6.2,7.2
Darvish, Yu,506433,2020,33,0,2.01,36,0,0,1,0,0,1,36,0,0.228,0.346,0.269,0.269,0.118,88.7,11.9,6.4
Perez, Martin,527048,2020,29,0,4.5,19,0,0,0,0,0,0,19,0,0.25,0.422,0.334,0.34,0.172,86.3,14.3,7.6
Cole, Gerrit,543037,2020,29,0,2.84,16,0,0,0,0,0,0,16,0,0.198,0.381,0.274,0.252,0.183,90.4,16.4,9.1
Hendricks, Kyle,543294,2020,30,0,2.88,36,0,0,2,0,0,2,36,0,0.237,0.383,0.274,0.258,0.146,86.1,11,4.5
Bauer, Trevor,545333,2020,29,0,1.73,12,0,0,0,0,0,0,12,0,0.163,0.287,0.225,0.223,0.124,88.5,20.9,6.3
Ryu, Hyun Jin,547943,2020,33,0,2.69,27,3,0,1,0,0,1,30,0,0.233,0.334,0.274,0.284,0.101,87,9.6,3.2
Wheeler, Zack,554430,2020,30,0,2.92,24,0,0,1,0,0,1,24,0,0.25,0.349,0.293,0.31,0.099,85.7,3.8,3.8
Boyd, Matthew,571510,2020,29,0,6.71,27,0,0,0,0,0,0,27,0,0.258,0.479,0.349,0.332,0.22,87.4,15.4,10.9
Corbin, Patrick,571578,2020,30,1,4.66,35,0,0,2,0,0,2,35,0,0.289,0.47,0.344,0.332,0.18,90.7,11.9,6.5
Heaney, Andrew,571760,2020,29,0,4.46,38,0,0,1,0,0,1,38,0,0.25,0.445,0.322,0.305,0.195,88.6,16.3,7.4
Keuchel, Dallas,572971,2020,32,0,1.99,0,0,0,0,0,0,0,0,0,0.278,0.394,0.317,0.326,0.116,86.8,5.6,4
deGrom, Jacob,594798,2020,32,0,2.38,9,1,0,0,0,0,0,10,0,0.194,0.333,0.256,0.248,0.138,88.2,11.6,9.6
Gonzales, Marco,594835,2020,28,0,3.1,7,2,0,0,0,0,0,9,0,0.243,0.43,0.302,0.274,0.187,86.6,17.6,8.4
Bassitt, Chris,605135,2020,31,0,2.29,16,0,0,0,0,0,0,16,0,0.242,0.39,0.301,0.297,0.149,88.2,12.5,5.9
Bundy, Dylan,605164,2020,27,0,3.29,35,0,0,0,0,0,0,35,0,0.215,0.333,0.271,0.277,0.119,87,14.5,4.6
Davies, Zach,605200,2020,27,0,2.73,16,0,0,0,0,0,0,16,0,0.269,0.476,0.344,0.321,0.207,87.5,14.6,10.3
Nola, Aaron,605400,2020,27,0,3.28,34,0,0,0,0,0,0,34,0,0.223,0.355,0.284,0.29,0.132,88.3,8.6,5.4
Woodruff, Brandon,605540,2020,27,0,3.05,21,0,0,0,0,0,0,21,0,0.199,0.34,0.264,0.259,0.141,86.7,13.3,7.2
Freeland, Kyle,607536,2020,27,0,4.33,22,0,0,0,0,0,0,22,1,0.284,0.436,0.344,0.346,0.152,87.3,7.4,5.6
Giolito, Lucas,608337,2020,25,0,3.48,3,0,0,0,0,0,0,3,0,0.196,0.323,0.27,0.279,0.126,87,15.2,5.6
Marquez, German,608566,2020,25,0,3.75,31,0,0,0,0,0,0,31,2,0.259,0.391,0.315,0.315,0.132,88.8,7.2,4.9
Mills, Alec,621219,2020,28,1,4.48,21,0,0,1,0,0,1,21,0,0.264,0.462,0.342,0.327,0.199,86.9,10.1,9.2
Berrios, Jose,621244,2020,26,0,4,44,2,0,1,1,0,2,46,0,0.248,0.4,0.323,0.329,0.152,88.7,14,6.3
Castillo, Luis,622491,2020,27,0,3.21,19,1,1,0,0,0,0,21,0,0.21,0.314,0.266,0.277,0.104,86,2.2,4.5
Senzatela, Antonio,622608,2020,25,0,3.44,23,0,0,0,0,0,0,23,0,0.273,0.429,0.33,0.325,0.156,88.3,9.1,5.4
Maeda, Kenta,628317,2020,32,0,2.7,15,0,0,1,0,0,1,15,0,0.208,0.351,0.257,0.241,0.142,85.3,10.8,7
Civale, Aaron,650644,2020,25,1,4.74,20,1,0,0,0,0,0,21,0,0.266,0.436,0.323,0.309,0.171,87.1,10.4,6.7
Lamet, Dinelson,659275,2020,27,0,2.09,16,0,0,0,0,0,0,16,0,0.187,0.317,0.259,0.261,0.13,88.7,16.9,7.3
Singer, Brady,663903,2020,23,1,4.06,23,1,0,1,1,0,2,24,2,0.232,0.369,0.302,0.306,0.137,88.5,9,4.5
Valdez, Framber,664285,2020,26,1,3.57,33,0,0,1,0,0,1,33,0,0.239,0.379,0.302,0.298,0.14,91.4,-0.8,7.9
Gallen, Zac,668678,2020,24,0,2.75,151,0,0,0,0,0,0,151,0,0.226,0.369,0.296,0.299,0.144,87,12.4,7.2
Bieber, Shane,669456,2020,25,0,1.63,16,0,0,0,0,0,0,16,0,0.186,0.32,0.251,0.247,0.134,89.3,9.6,7.2
Dickey, R.A.,285079,2017,42,2,4.26,105,2,0,4,0,0,4,107,1,0.257,0.399,0.318,0.33,0.142,86.2,10.1,4.3
Lackey, John,407793,2017,38,2,4.59,16,1,0,0,0,0,0,17,0,0.268,0.47,0.344,0.334,0.202,88.2,14.3,6.8
Greinke, Zack,425844,2017,33,0,3.2,53,5,0,1,0,0,1,58,0,0.225,0.395,0.288,0.27,0.171,87.4,10.2,7.4
Santana, Ervin,429722,2017,34,1,3.28,112,4,0,0,0,0,0,116,0,0.235,0.398,0.3,0.296,0.163,86,16.1,5.9
Verlander, Justin,434378,2017,34,0,3.36,158,10,2,0,1,0,1,170,1,0.24,0.42,0.315,0.31,0.18,87.6,16.4,7.2
Hammel, Jason,434628,2017,34,1,5.29,123,1,0,0,0,0,0,124,0,0.278,0.475,0.345,0.33,0.197,88.2,16.2,7.1
Nolasco, Ricky,445060,2017,34,0,4.92,105,8,0,0,1,0,1,113,1,0.291,0.518,0.366,0.346,0.227,90,14.6,8.4
Kluber, Corey,446372,2017,31,0,2.25,26,0,0,0,0,0,0,26,0,0.205,0.325,0.248,0.247,0.12,85.3,10.5,5.3
Vargas, Jason,450306,2017,34,1,4.16,118,0,0,4,0,0,4,118,0,0.256,0.435,0.325,0.319,0.179,87.1,14.9,5.5
Lester, Jon,452657,2017,33,0,4.33,1,0,0,1,0,0,1,1,0,0.241,0.392,0.304,0.307,0.151,86.4,10.3,5.4
Scherzer, Max,453286,2017,32,0,2.51,61,0,0,0,0,0,0,61,1,0.177,0.305,0.244,0.247,0.128,86.5,19.1,5.6
Richard, Clayton,453385,2017,33,1,4.79,133,2,0,6,0,0,6,135,0,0.278,0.414,0.326,0.336,0.136,87.4,1.8,4.4
Arrieta, Jake,453562,2017,31,0,3.53,62,1,0,1,0,0,1,63,0,0.24,0.396,0.305,0.309,0.156,87.4,10.6,5.6
Lynn, Lance,458681,2017,30,0,3.43,55,0,0,0,0,0,0,55,0,0.234,0.398,0.315,0.324,0.164,86.6,12.2,5.8
Gonzalez, Gio,461829,2017,31,0,2.96,55,3,0,0,0,0,0,58,0,0.226,0.364,0.295,0.308,0.138,86.1,11.7,4.9
Estrada, Marco,462136,2017,33,0,4.98,27,0,0,0,0,0,0,27,0,0.229,0.409,0.305,0.298,0.179,87,21.8,7
Nova, Ivan,467100,2017,30,0,4.14,47,0,0,1,0,0,1,47,0,0.282,0.48,0.341,0.323,0.197,89.4,9.2,6.5
Chacin, Jhoulys,468504,2017,29,1,3.89,76,4,0,0,1,0,1,80,1,0.238,0.38,0.307,0.323,0.142,86.3,9.8,5.7
Carrasco, Carlos,471911,2017,30,0,3.29,37,0,0,0,0,0,0,37,0,0.235,0.389,0.295,0.289,0.154,87.4,9.6,7.4
Hellickson, Jeremy,476451,2017,30,1,5.43,87,3,0,1,1,0,2,90,0,0.277,0.489,0.351,0.335,0.212,87.8,17.8,6.4
Kershaw, Clayton,477132,2017,29,2,2.31,39,1,0,2,0,0,2,40,0,0.213,0.364,0.263,0.249,0.151,85.3,10.3,6.3
Cashner, Andrew,488768,2017,30,1,3.4,58,4,0,0,1,0,1,62,0,0.275,0.403,0.33,0.349,0.128,87.1,10.6,3.9
Quintana, Jose,500779,2017,28,1,4.15,130,5,0,2,1,1,3,135,0,0.244,0.402,0.309,0.312,0.159,87.5,11.8,5.9
Archer, Chris,502042,2017,28,0,4.07,29,0,0,0,0,0,0,29,0,0.233,0.387,0.296,0.293,0.154,89.6,12.7,5.9
Cobb, Alex,502171,2017,29,1,3.66,117,1,0,5,0,0,5,118,0,0.27,0.432,0.324,0.319,0.163,88.2,9.3,6
Samardzija, Jeff,502188,2017,32,0,4.42,59,1,0,1,1,0,2,60,0,0.248,0.425,0.301,0.281,0.178,87.4,12.4,6.3
Leake, Mike,502190,2017,29,0,3.92,119,3,0,2,0,0,2,122,0,0.273,0.433,0.32,0.315,0.16,87.6,6.1,5.1
Darvish, Yu,506433,2017,30,1,3.86,93,4,0,0,1,0,1,97,1,0.233,0.379,0.295,0.298,0.145,86.2,13.2,6.3
Moore, Matt,519043,2017,28,0,5.52,72,1,0,2,0,0,2,73,0,0.275,0.509,0.361,0.344,0.234,89.6,15.7,9
Nelson, Jimmy,519076,2017,28,1,3.49,60,8,0,1,0,0,1,68,1,0.233,0.356,0.285,0.293,0.123,85.9,5.9,4
Pomeranz, Drew,519141,2017,28,0,3.32,56,0,0,0,0,0,0,56,0,0.247,0.409,0.317,0.321,0.161,87.9,13,6.7
Porcello, Rick,519144,2017,28,0,4.65,59,0,0,0,0,0,0,59,0,0.27,0.477,0.337,0.314,0.207,88.2,14.4,8
Sale, Chris,519242,2017,28,0,2.9,38,0,1,0,0,0,0,39,0,0.194,0.337,0.252,0.243,0.142,86.8,15,6.1
Perez, Martin,527048,2017,26,0,4.82,50,11,0,1,0,0,1,61,0,0.296,0.469,0.356,0.357,0.173,87.1,9.8,5.4
Teheran, Julio,527054,2017,26,0,4.49,97,7,0,4,0,0,4,104,2,0.253,0.424,0.325,0.326,0.171,87.2,13.9,6.4
Cole, Gerrit,543037,2017,26,0,4.26,93,1,0,1,0,0,1,94,0,0.257,0.428,0.317,0.309,0.171,86.3,11.1,7.6
Gray, Sonny,543243,2017,27,0,3.55,59,1,0,0,0,0,0,60,1,0.245,0.404,0.31,0.312,0.159,87.4,5.4,6.2
Roark, Tanner,543699,2017,30,1,4.67,81,5,0,1,0,0,1,86,1,0.256,0.403,0.315,0.323,0.147,86.9,10,5.4
Strasburg, Stephen,544931,2017,28,0,2.52,45,0,0,0,0,0,0,45,0,0.204,0.333,0.263,0.268,0.128,87.3,10.8,6.1
Bauer, Trevor,545333,2017,26,1,4.19,40,0,0,0,0,0,0,40,0,0.25,0.422,0.32,0.316,0.172,89.4,9.7,7.8
Tanaka, Masahiro,547888,2017,28,0,4.74,54,11,0,0,1,0,1,65,0,0.247,0.444,0.315,0.295,0.197,88,8.8,8.6
Urena, Jose,570632,2017,25,1,3.82,62,3,1,1,0,0,1,66,0,0.263,0.462,0.345,0.344,0.199,86.4,13,8.6
Corbin, Patrick,571578,2017,27,0,4.03,90,0,0,3,0,0,3,90,0,0.264,0.427,0.32,0.321,0.163,87.9,7.8,6.7
Straily, Dan,573185,2017,28,0,4.26,137,8,0,1,1,0,2,145,0,0.236,0.413,0.306,0.301,0.178,87.2,18.5,6.9
Stroman, Marcus,573186,2017,26,1,3.09,27,6,0,0,1,0,1,33,0,0.263,0.394,0.314,0.323,0.131,88.7,0.6,5
Gausman, Kevin,592332,2017,26,1,4.68,46,0,0,0,0,0,0,46,1,0.272,0.456,0.344,0.34,0.185,87.7,11.8,8.2
Ray, Robbie,592662,2017,25,0,2.89,86,2,0,3,0,0,3,88,0,0.215,0.37,0.297,0.307,0.155,89.9,14.4,6.2
Martinez, Carlos,593372,2017,25,0,3.64,37,4,0,0,0,0,0,41,1,0.222,0.352,0.284,0.294,0.131,87,8.1,4.8
deGrom, Jacob,594798,2017,29,0,3.53,32,0,0,0,0,0,0,32,0,0.219,0.349,0.274,0.278,0.13,86.3,10.8,5.9
Bundy, Dylan,605164,2017,24,0,4.24,55,0,0,0,0,0,0,55,1,0.242,0.441,0.321,0.306,0.199,88.8,19.4,7.8
Davies, Zach,605200,2017,24,0,3.9,84,9,0,1,1,0,2,93,0,0.287,0.43,0.336,0.345,0.143,86.2,7.4,4
Fulmer, Michael,605242,2017,24,1,3.83,70,3,0,0,0,0,0,73,1,0.259,0.407,0.31,0.31,0.148,86.1,9.4,4.9
Nola, Aaron,605400,2017,24,0,3.54,139,0,0,0,0,0,0,139,0,0.224,0.36,0.279,0.281,0.136,85.7,9,5
Perdomo, Luis,606131,2017,24,2,4.67,67,3,0,0,1,0,1,70,0,0.27,0.42,0.335,0.346,0.15,88,1.1,5
Wacha, Michael,608379,2017,25,0,4.13,82,0,0,0,0,0,0,82,0,0.25,0.391,0.305,0.312,0.141,87.2,9.8,5.6
Marquez, German,608566,2017,22,0,4.39,68,2,0,0,0,0,0,70,1,0.258,0.434,0.324,0.319,0.176,88.7,9.1,7.1
Blach, Ty,621389,2017,26,0,4.78,26,0,0,0,0,0,0,26,0,0.289,0.447,0.336,0.335,0.158,86.9,9.9,3.7
Severino, Luis,622663,2017,23,0,2.98,66,0,0,1,0,0,1,66,2,0.215,0.339,0.271,0.274,0.124,87.2,8,6.1
Wainwright, Adam,425794,2019,37,0,4.19,69,6,0,0,0,0,0,75,0,0.265,0.43,0.329,0.338,0.165,88.9,10.2,6.5
Greinke, Zack,425844,2019,35,1,2.93,27,0,0,2,0,0,2,27,0,0.239,0.39,0.282,0.271,0.151,87.5,11,6.3
Verlander, Justin,434378,2019,36,0,2.58,69,2,0,0,0,0,0,71,0,0.186,0.346,0.248,0.233,0.16,87.3,18.5,7.2
Sanchez, Anibal,434671,2019,35,3,3.85,164,4,0,2,0,0,2,168,2,0.251,0.422,0.313,0.317,0.171,87,14.7,6.6
Morton, Charlie,450203,2019,35,1,3.05,75,1,0,1,0,0,1,76,0,0.216,0.337,0.274,0.285,0.12,86.9,9.2,5
Lester, Jon,452657,2019,35,0,4.46,0,0,0,0,0,0,0,0,0,0.274,0.456,0.337,0.329,0.182,88.6,12.2,7.4
Scherzer, Max,453286,2019,34,0,2.92,38,1,0,0,0,0,0,39,0,0.203,0.336,0.254,0.25,0.133,87.6,13.5,6.6
Bailey, Homer,456701,2019,33,1,4.57,40,3,0,0,1,0,1,43,0,0.262,0.418,0.319,0.324,0.156,90.3,13.8,5.7
Lynn, Lance,458681,2019,32,0,3.67,26,0,0,0,0,0,0,26,0,0.222,0.372,0.283,0.283,0.149,87.9,13.8,5.9
Nova, Ivan,467100,2019,32,0,4.72,80,3,0,0,0,0,0,83,0,0.295,0.477,0.352,0.345,0.182,88.8,10.7,7.2
Anderson, Brett,474463,2019,31,0,3.89,46,0,0,4,0,0,4,46,0,0.283,0.48,0.347,0.336,0.197,89.6,5,7.3
Kershaw, Clayton,477132,2019,31,1,3.03,45,0,0,2,0,0,2,45,0,0.23,0.393,0.289,0.279,0.163,88.7,11.8,6.6
Miley, Wade,489119,2019,32,2,3.98,73,0,0,4,0,0,4,73,0,0.245,0.384,0.307,0.318,0.138,87.5,8.3,4.3
Quintana, Jose,500779,2019,30,0,4.68,93,0,0,3,0,0,3,93,0,0.273,0.434,0.326,0.322,0.161,90,11.1,5.7
Minor, Mike,501985,2019,31,0,3.59,59,0,0,3,0,0,3,59,0,0.228,0.389,0.298,0.296,0.161,86.9,16.5,7
Samardzija, Jeff,502188,2019,34,0,3.52,76,0,0,0,0,0,0,76,0,0.253,0.465,0.326,0.309,0.212,89.5,16.9,8.3
Leake, Mike,502190,2019,31,0,4.29,62,1,0,0,0,0,0,63,1,0.294,0.519,0.355,0.325,0.225,90.7,11.6,8.8
Darvish, Yu,506433,2019,32,0,3.98,43,0,0,0,0,0,0,43,0,0.223,0.398,0.298,0.294,0.175,88.6,12.6,7.4
Bumgarner, Madison,518516,2019,29,0,3.9,48,1,0,2,0,0,2,49,0,0.255,0.459,0.321,0.302,0.205,90.4,18.3,9
Kelly, Merrill,518876,2019,30,0,4.42,77,0,0,0,0,0,0,77,2,0.271,0.493,0.345,0.327,0.222,89.9,12.5,9.5
Porcello, Rick,519144,2019,30,2,5.52,36,1,0,0,0,0,0,37,0,0.261,0.478,0.331,0.31,0.217,88.4,15.7,9.4
Perez, Martin,527048,2019,28,1,5.12,54,3,0,1,0,0,1,57,2,0.245,0.385,0.306,0.316,0.14,86.2,9.5,5.3
Teheran, Julio,527054,2019,28,1,3.81,100,3,0,1,0,0,1,103,0,0.24,0.416,0.327,0.338,0.176,89,15.5,6.9
Cole, Gerrit,543037,2019,28,3,2.5,26,0,0,0,0,0,0,26,0,0.181,0.315,0.238,0.232,0.135,87.6,14,5.9
DeSclafani, Anthony,543101,2019,29,1,3.89,73,0,0,0,0,0,0,73,0,0.233,0.401,0.297,0.294,0.168,89.1,12.3,7.1
Gray, Sonny,543243,2019,29,1,2.87,35,1,0,0,0,0,0,36,0,0.209,0.354,0.286,0.295,0.145,88.1,9.1,6.8
Hendricks, Kyle,543294,2019,29,0,3.46,75,0,0,3,0,0,3,75,0,0.248,0.393,0.294,0.29,0.146,86.5,14.2,5.4
Roark, Tanner,543699,2019,32,0,4.35,68,2,0,0,0,0,0,70,1,0.269,0.466,0.342,0.336,0.197,89,15.5,8.4
Strasburg, Stephen,544931,2019,30,0,3.32,77,1,0,0,0,0,0,78,0,0.211,0.337,0.267,0.274,0.126,87.9,7.8,6.1
Bauer, Trevor,545333,2019,28,0,4.48,54,0,0,0,0,0,0,54,0,0.223,0.402,0.31,0.31,0.178,88.7,16.4,8.6
Tanaka, Masahiro,547888,2019,30,0,4.45,83,7,0,0,0,0,0,90,1,0.26,0.43,0.314,0.302,0.17,89,11,6
Ryu, Hyun Jin,547943,2019,32,0,2.32,20,0,0,2,0,0,2,20,0,0.249,0.37,0.281,0.279,0.121,86.6,7.2,4.7
Wheeler, Zack,554430,2019,29,0,3.96,56,3,0,0,0,0,0,59,1,0.246,0.393,0.297,0.296,0.148,87,12.3,5.3
Boyd, Matthew,571510,2019,28,4,4.56,83,2,0,5,0,0,5,85,1,0.222,0.41,0.296,0.281,0.188,89.2,19.5,8.8
Corbin, Patrick,571578,2019,29,0,3.25,88,0,0,4,0,0,4,88,0,0.228,0.414,0.304,0.296,0.186,89.9,8.4,9.4
Fiers, Mike,571666,2019,34,1,3.9,95,2,0,1,1,0,2,97,2,0.26,0.463,0.336,0.323,0.203,88.1,15.7,7.2
Mikolas, Miles,571945,2019,30,2,4.16,85,1,0,0,0,0,0,86,0,0.278,0.451,0.33,0.321,0.173,88.5,10.3,6.1
Stroman, Marcus,573186,2019,28,0,3.22,67,13,0,0,2,0,2,80,2,0.242,0.37,0.292,0.3,0.128,88.2,5.6,4.1
Ray, Robbie,592662,2019,27,0,4.34,97,1,0,1,0,0,1,98,1,0.228,0.429,0.322,0.323,0.201,88.9,14.8,10.7
Syndergaard, Noah,592789,2019,26,0,4.28,136,1,0,2,0,0,2,137,3,0.23,0.365,0.28,0.281,0.135,86.8,9.8,4.9
Rodriguez, Eduardo,593958,2019,26,0,3.81,18,1,0,1,0,0,1,19,0,0.223,0.376,0.293,0.298,0.154,86.3,9.3,5.9
deGrom, Jacob,594798,2019,31,0,2.43,47,2,0,0,0,0,0,49,0,0.201,0.319,0.25,0.254,0.118,86.5,13.2,4.8
Gonzales, Marco,594835,2019,27,1,3.99,31,5,0,0,0,0,0,36,2,0.254,0.407,0.311,0.311,0.153,88.3,14.7,4.9
Junis, Jakob,596001,2019,26,0,5.24,94,0,0,0,0,0,0,94,0,0.27,0.48,0.346,0.335,0.21,90.1,12.7,8.6
Musgrove, Joe,605397,2019,26,0,4.44,78,4,0,4,0,0,4,82,1,0.25,0.424,0.308,0.298,0.174,88.9,11.7,6.4
Nola, Aaron,605400,2019,26,0,3.87,183,2,0,2,0,0,2,185,0,0.235,0.395,0.31,0.318,0.159,89.2,9.2,6.8
Fried, Max,608331,2019,25,1,4.02,35,1,0,4,1,0,5,36,2,0.247,0.38,0.297,0.304,0.133,89.2,4.3,4.4
Giolito, Lucas,608337,2019,24,0,3.41,24,4,0,0,0,0,0,28,0,0.215,0.368,0.283,0.284,0.154,88.1,17.7,9.4
Marquez, German,608566,2019,24,1,4.76,64,0,0,2,0,0,2,64,1,0.27,0.458,0.328,0.311,0.188,91.1,7.2,7.9
Eflin, Zach,621107,2019,25,0,4.13,110,1,0,1,0,0,1,111,0,0.248,0.415,0.307,0.305,0.168,88.2,12,6.9
Buehler, Walker,621111,2019,24,0,3.26,53,1,0,1,0,0,1,54,0,0.228,0.369,0.277,0.274,0.141,89.3,12.8,5.4
Berrios, Jose,621244,2019,25,1,3.68,131,3,0,4,0,0,3,134,1,0.245,0.416,0.304,0.297,0.172,87,13.9,6.5
Castillo, Luis,622491,2019,26,3,3.4,48,2,0,1,0,0,1,50,1,0.205,0.328,0.278,0.294,0.123,87.2,5.8,5.1
Lopez, Reynaldo,625643,2019,25,2,5.38,79,3,0,1,0,0,1,82,1,0.259,0.47,0.338,0.326,0.21,88.8,17.7,7.6
Hudson, Dakota,641712,2019,24,0,3.35,65,1,0,0,0,0,0,66,0,0.263,0.423,0.337,0.356,0.16,89.3,3.3,6.8
Keller, Brad,641745,2019,23,1,4.19,49,0,0,0,0,0,0,49,0,0.257,0.415,0.329,0.341,0.158,89.1,9.1,5.9
Alcantara, Sandy,645261,2019,23,1,3.88,50,2,0,0,0,0,0,52,2,0.244,0.424,0.322,0.325,0.18,87.3,11.8,6.5
Soroka, Michael,647336,2019,21,0,2.68,44,0,0,1,0,0,1,44,0,0.258,0.392,0.306,0.31,0.133,88.2,6.7,5.1
Flaherty, Jack,656427,2019,23,0,2.75,104,2,0,1,0,0,1,106,0,0.215,0.367,0.279,0.278,0.151,86.6,15.5,6.9
Lucchesi, Joey,664192,2019,26,0,4.18,61,2,0,0,0,0,0,63,0,0.227,0.391,0.297,0.294,0.163,88.3,11.4,7.2
Bieber, Shane,669456,2019,24,1,3.28,57,1,0,2,0,0,2,58,0,0.236,0.421,0.296,0.278,0.185,90.6,12.6,8.5
Colon, Bartolo,112526,2016,43,0,3.43,130,3,0,3,1,0,4,133,2,0.273,0.434,0.318,0.306,0.161,90,12.2,5.3
Sabathia, CC,282332,2016,35,1,3.91,1,0,0,0,0,0,0,1,0,0.222,0.353,0.289,0.298,0.131,85.1,9.7,4.4
Dickey, R.A.,285079,2016,41,1,4.46,93,3,0,4,0,0,4,96,1,0.275,0.468,0.35,0.344,0.193,87.6,12.8,7.3
Lackey, John,407793,2016,37,0,3.35,38,0,0,0,0,0,0,38,0,0.247,0.412,0.316,0.313,0.165,89.7,14.5,5.9
Wainwright, Adam,425794,2016,34,0,4.62,40,4,0,0,0,0,0,44,0,0.275,0.427,0.329,0.331,0.152,86.9,11.1,5.9
Santana, Ervin,429722,2016,33,3,3.38,135,4,0,0,0,0,0,139,1,0.254,0.412,0.313,0.312,0.158,88.3,13.1,5.9
Hamels, Cole,430935,2016,32,1,3.32,75,0,0,3,0,0,3,75,1,0.244,0.395,0.315,0.321,0.151,87.6,8,6
Verlander, Justin,434378,2016,33,0,3.04,259,3,2,2,1,0,3,264,1,0.206,0.363,0.274,0.264,0.157,87.9,19.5,7.5
Liriano, Francisco,434538,2016,32,0,4.69,39,2,0,1,0,0,1,41,1,0.235,0.386,0.32,0.335,0.151,88.4,6.4,6.4
Hammel, Jason,434628,2016,33,0,3.83,91,1,0,2,0,0,2,92,1,0.249,0.435,0.325,0.317,0.186,90,12.4,7.2
Nolasco, Ricky,445060,2016,33,0,4.42,96,4,0,4,0,0,4,100,1,0.262,0.433,0.318,0.306,0.171,88.7,11.6,6.4
Kluber, Corey,446372,2016,30,1,3.14,30,0,0,1,0,0,1,30,0,0.223,0.363,0.282,0.281,0.14,86.7,12,6
Shields, James,448306,2016,34,0,5.85,86,3,7,0,0,0,0,96,2,0.277,0.481,0.359,0.356,0.203,88.7,12.9,8.4
Garcia, Jaime,448802,2016,29,0,4.67,67,0,0,0,0,0,0,67,1,0.25,0.399,0.31,0.315,0.149,88.7,4.5,5.7
Volquez, Edinson,450172,2016,32,1,5.37,58,0,0,0,0,0,0,58,0,0.274,0.454,0.347,0.346,0.181,88.9,7.4,6.3
Weaver, Jered,450308,2016,33,2,5.06,87,5,0,1,0,0,1,92,0,0.281,0.496,0.352,0.332,0.215,88.2,21.1,7.4
Fister, Doug,450729,2016,32,0,4.64,57,5,0,0,0,0,0,62,2,0.268,0.429,0.331,0.333,0.161,87.5,10.7,4.5
Lester, Jon,452657,2016,32,0,2.44,1,0,0,0,0,0,0,1,0,0.22,0.34,0.272,0.278,0.12,87.4,11.6,4.1
Kennedy, Ian,453178,2016,31,0,3.68,66,0,0,1,0,0,1,66,0,0.24,0.433,0.323,0.313,0.193,89.3,19.3,7.7
Scherzer, Max,453286,2016,31,1,2.96,49,0,0,0,1,0,1,49,1,0.197,0.336,0.259,0.254,0.138,87.2,19.4,6.1
Arrieta, Jake,453562,2016,30,0,3.1,83,1,0,0,0,0,0,84,1,0.226,0.35,0.292,0.307,0.124,86.7,6.5,4.8
Price, David,456034,2016,30,0,3.99,37,0,0,0,0,0,0,37,0,0.241,0.4,0.298,0.287,0.159,87.8,11.5,6.3
Cueto, Johnny,456501,2016,30,1,2.79,61,3,0,5,0,0,5,64,1,0.247,0.374,0.291,0.293,0.127,87.8,10.6,4.4
Happ, J.A.,457918,2016,33,2,3.18,19,1,0,0,0,0,0,20,0,0.256,0.42,0.321,0.318,0.164,89.5,12.2,7.4
Tomlin, Josh,458708,2016,31,0,4.4,164,0,0,0,0,0,0,164,2,0.278,0.482,0.332,0.301,0.203,87.9,10.7,7.2
Gonzalez, Gio,461829,2016,30,0,4.57,62,10,0,1,0,0,1,72,0,0.251,0.406,0.316,0.32,0.155,88.7,9.1,5.9
Estrada, Marco,462136,2016,32,0,3.48,15,0,0,0,0,0,0,15,0,0.221,0.377,0.296,0.297,0.156,88.1,21.3,7.4
Nova, Ivan,467100,2016,29,0,4.17,44,0,0,0,0,0,0,44,0,0.266,0.445,0.323,0.307,0.18,90.7,5.2,6.7
Hellickson, Jeremy,476451,2016,29,1,3.71,112,0,0,0,0,0,0,112,0,0.263,0.437,0.323,0.313,0.174,87.6,14.7,6.9
Miley, Wade,489119,2016,29,2,5.37,79,0,0,3,0,0,3,79,0,0.277,0.464,0.345,0.336,0.187,89,9.1,6.7
Quintana, Jose,500779,2016,27,1,3.2,93,1,0,2,0,0,2,94,0,0.247,0.375,0.294,0.296,0.129,88.2,16.2,4.5
Pineda, Michael,501381,2016,27,0,4.82,67,0,0,2,0,0,2,67,0,0.234,0.41,0.304,0.294,0.175,89.8,9.5,6.7
Tillman, Chris,501957,2016,28,0,3.77,40,0,0,0,0,0,0,40,2,0.255,0.422,0.33,0.332,0.167,89,12.4,7.8
Archer, Chris,502042,2016,27,0,4.02,41,0,0,1,0,0,1,41,1,0.229,0.405,0.302,0.293,0.176,90.2,10.3,8.4
Samardzija, Jeff,502188,2016,31,0,3.81,71,0,0,0,0,0,0,71,0,0.249,0.416,0.308,0.299,0.168,88.7,10.9,6.1
Leake, Mike,502190,2016,28,0,4.69,81,2,0,2,1,0,3,83,4,0.28,0.449,0.327,0.313,0.17,89,6.2,6.2
Santiago, Hector,502327,2016,28,1,4.7,77,5,0,4,0,0,4,82,0,0.256,0.487,0.353,0.336,0.231,89.7,20.1,9.3
Bettis, Chad,518452,2016,27,0,4.79,35,3,0,0,0,0,0,38,0,0.273,0.432,0.33,0.332,0.159,88.7,6.8,5.6
Bumgarner, Madison,518516,2016,26,1,2.74,67,0,0,4,0,0,4,67,0,0.216,0.372,0.279,0.27,0.157,88.5,15.5,6.7
Duffy, Danny,518633,2016,27,0,3.51,69,1,0,4,0,0,4,70,2,0.237,0.428,0.308,0.288,0.191,89.5,15.8,7.9
Moore, Matt,519043,2016,27,1,4.08,80,0,0,2,0,0,2,80,1,0.241,0.414,0.317,0.314,0.173,88.8,17.1,6.4
Nelson, Jimmy,519076,2016,27,0,4.62,72,8,2,2,2,0,4,82,2,0.247,0.396,0.327,0.344,0.149,88.8,9.2,5.5
Pomeranz, Drew,519141,2016,27,0,3.32,51,2,0,2,0,0,2,53,0,0.204,0.349,0.279,0.282,0.144,88.1,11.6,7.3
Porcello, Rick,519144,2016,27,0,3.15,31,0,0,0,0,0,0,31,0,0.244,0.416,0.301,0.283,0.172,88.4,13.7,7
Sale, Chris,519242,2016,27,0,3.34,44,1,0,0,0,0,0,45,0,0.235,0.382,0.294,0.29,0.147,88.7,14.6,5.7
Perez, Martin,527048,2016,25,2,4.39,75,11,0,0,0,0,0,86,0,0.288,0.457,0.354,0.356,0.169,89.6,6.5,6
Teheran, Julio,527054,2016,25,1,3.21,86,3,0,2,1,0,3,89,1,0.234,0.406,0.298,0.285,0.172,88.8,16.2,6.5
Hendricks, Kyle,543294,2016,26,0,2.13,70,1,0,3,0,0,3,71,0,0.213,0.32,0.259,0.269,0.108,86.6,10.1,3.4
Koehler, Tom,543408,2016,30,0,4.33,79,10,0,0,1,0,1,89,1,0.26,0.417,0.333,0.347,0.157,87.8,12,6.7
McHugh, Collin,543521,2016,29,0,4.34,49,1,0,0,0,0,0,50,0,0.234,0.372,0.289,0.291,0.138,87,14.3,4.7
Odorizzi, Jake,543606,2016,26,1,3.69,64,0,0,2,0,0,2,64,1,0.25,0.426,0.317,0.307,0.176,89.9,16.6,8.4
Roark, Tanner,543699,2016,29,1,2.83,106,7,0,0,0,0,0,113,1,0.24,0.378,0.306,0.318,0.138,87.4,8.7,5.4
Bauer, Trevor,545333,2016,25,0,4.26,39,0,0,0,0,0,0,39,0,0.259,0.407,0.325,0.334,0.147,89.6,9.9,5.7
Iwakuma, Hisashi,547874,2016,35,0,4.12,60,6,0,1,0,0,1,66,0,0.275,0.444,0.329,0.32,0.169,88.7,14.6,5.8
Tanaka, Masahiro,547888,2016,27,0,3.07,36,6,0,0,0,0,0,42,1,0.25,0.388,0.293,0.288,0.137,88.9,9,4.3
Ventura, Yordano,570649,2016,25,1,4.45,44,0,0,2,0,0,2,44,3,0.265,0.446,0.342,0.343,0.181,89.8,8.6,7.8
Fiers, Mike,571666,2016,31,0,4.48,76,3,0,1,0,0,1,79,1,0.274,0.449,0.332,0.322,0.175,89.8,12.1,6.1
Keuchel, Dallas,572971,2016,28,0,4.55,8,1,0,0,0,0,0,9,0,0.255,0.395,0.306,0.308,0.14,88.4,3.8,6.9
Straily, Dan,573185,2016,27,1,3.76,113,3,0,0,1,0,1,116,0,0.242,0.422,0.324,0.324,0.18,88.9,18.9,7.5
Stroman, Marcus,573186,2016,25,1,4.37,22,7,0,0,0,0,0,29,1,0.257,0.387,0.306,0.309,0.13,90.4,0.5,4.9
Gausman, Kevin,592332,2016,25,0,3.61,42,1,1,0,0,0,0,44,1,0.25,0.421,0.314,0.303,0.17,88.7,12.6,7.2
Gray, Jon,592351,2016,24,0,4.61,63,2,0,3,0,0,3,65,0,0.238,0.386,0.31,0.317,0.149,88.2,12.4,6.2
Ray, Robbie,592662,2016,24,0,4.9,74,2,0,0,0,0,0,76,1,0.246,0.407,0.317,0.322,0.162,89.9,12.3,6.9
Sanchez, Aaron,592717,2016,23,0,3,13,1,0,0,0,0,0,14,1,0.251,0.4,0.313,0.316,0.148,90,4.5,6.1
Smyly, Drew,592767,2016,27,0,4.88,74,1,0,1,0,0,1,75,0,0.233,0.407,0.3,0.287,0.174,87.8,21.4,6.7
Syndergaard, Noah,592789,2016,23,1,2.6,90,1,0,1,0,0,1,91,1,0.22,0.324,0.259,0.267,0.104,87.6,6.4,3.5
Martinez, Carlos,593372,2016,24,0,3.04,54,2,0,0,0,0,0,56,2,0.225,0.329,0.283,0.304,0.104,87.2,5.8,3.8
Eickhoff, Jerad,595191,2016,25,2,3.65,160,0,0,1,0,0,1,160,1,0.236,0.386,0.293,0.286,0.149,88.6,15.4,5.7
Davies, Zach,605200,2016,23,0,3.97,65,4,0,0,0,0,0,69,2,0.242,0.376,0.294,0.294,0.134,87.6,11.4,5.2
Fernandez, Jose,605228,2016,23,1,2.86,22,1,0,0,0,0,0,23,0,0.22,0.329,0.269,0.285,0.109,89.3,11.6,3.8
Finnegan, Brandon,605232,2016,23,2,3.98,99,0,0,3,0,0,3,99,0,0.258,0.444,0.347,0.35,0.186,88.3,13.9,8
Rodon, Carlos,607074,2016,23,1,4.04,42,1,0,1,0,0,1,43,0,0.246,0.38,0.303,0.311,0.134,88.9,13.1,4.5
Graveman, Kendall,608665,2016,25,0,4.11,85,0,0,2,0,0,2,85,0,0.291,0.461,0.345,0.34,0.171,89.6,6,5.5
Maeda, Kenta,628317,2016,28,0,3.48,56,2,0,0,0,0,0,58,1,0.224,0.358,0.281,0.288,0.133,85.7,12.7,5.4
